-- --------------------------------------------------------
-- Servidor:                     127.0.0.1
-- Versão do servidor:           8.0.17 - MySQL Community Server - GPL
-- OS do Servidor:               Win64
-- HeidiSQL Versão:              10.2.0.5599
-- --------------------------------------------------------

/*!40101 SET @OLD_CHARACTER_SET_CLIENT=@@CHARACTER_SET_CLIENT */;
/*!40101 SET NAMES utf8 */;
/*!50503 SET NAMES utf8mb4 */;
/*!40014 SET @OLD_FOREIGN_KEY_CHECKS=@@FOREIGN_KEY_CHECKS, FOREIGN_KEY_CHECKS=0 */;
/*!40101 SET @OLD_SQL_MODE=@@SQL_MODE, SQL_MODE='NO_AUTO_VALUE_ON_ZERO' */;

-- Copiando estrutura para tabela guiapress.articles
CREATE TABLE IF NOT EXISTS `articles` (
  `id` int(11) NOT NULL AUTO_INCREMENT,
  `title` varchar(255) CHARACTER SET utf8mb4 COLLATE utf8mb4_unicode_ci NOT NULL,
  `slug` varchar(255) CHARACTER SET utf8mb4 COLLATE utf8mb4_unicode_ci NOT NULL,
  `body` mediumtext CHARACTER SET utf8mb4 COLLATE utf8mb4_unicode_ci NOT NULL,
  `createdAt` datetime NOT NULL,
  `updatedAt` datetime NOT NULL,
  `categoryId` int(11) DEFAULT NULL,
  PRIMARY KEY (`id`),
  KEY `categoryId` (`categoryId`),
  CONSTRAINT `articles_ibfk_1` FOREIGN KEY (`categoryId`) REFERENCES `categories` (`id`) ON DELETE SET NULL ON UPDATE CASCADE
) ENGINE=InnoDB AUTO_INCREMENT=37 DEFAULT CHARSET=utf8mb4 COLLATE=utf8mb4_unicode_ci;

-- Copiando dados para a tabela guiapress.articles: ~21 rows (aproximadamente)
/*!40000 ALTER TABLE `articles` DISABLE KEYS */;
INSERT INTO `articles` (`id`, `title`, `slug`, `body`, `createdAt`, `updatedAt`, `categoryId`) VALUES
	(15, '5 linguagens de programação para aprender em 2020', '5-linguagens-de-programacao-para-aprender-em-2020', '<p>Neste artigo irei apresentar as principais linguagens para aprender no ano de 2020. A lista leva em considera&ccedil;&atilde;o 4 crit&eacute;rios para escolha das linguagens, sendo eles: mercado de trabalho, comunidade, evolu&ccedil;&atilde;o da linguagem e sal&aacute;rios.<br />Vale lembrar que este n&atilde;o &eacute; um Top 5 linguagens para aprender, as linguagens foram apenas ordenadas da 5&ordm; &agrave; 1&ordm;, mas isso n&atilde;o significa que uma linguagem &eacute; melhor do que a outra, ent&atilde;o vamos nessa!</p>\r\n<h2 data-fontsize="46" data-lineheight="57">C#</h2>\r\n<p><img class="alignnone size-full wp-image-990" src="https://guiadoprogramador.com/wp-content/uploads/2019/08/1581488_e3e1_2.jpg" sizes="(max-width: 750px) 100vw, 750px" srcset="https://guiadoprogramador.com/wp-content/uploads/2019/08/1581488_e3e1_2-200x113.jpg 200w, https://guiadoprogramador.com/wp-content/uploads/2019/08/1581488_e3e1_2-300x169.jpg 300w, https://guiadoprogramador.com/wp-content/uploads/2019/08/1581488_e3e1_2-400x225.jpg 400w, https://guiadoprogramador.com/wp-content/uploads/2019/08/1581488_e3e1_2-600x338.jpg 600w, https://guiadoprogramador.com/wp-content/uploads/2019/08/1581488_e3e1_2.jpg 750w" alt="" width="750" height="422" /></p>\r\n<p>O C# &eacute; uma linguagem desenvolvida pela Microsoft, a mesma empresa respons&aacute;vel por desenvolver o sistema operacional Windows, tem sua sintaxe orientada a objetos baseada no C++ e possu&iacute; muita influencias de outras linguagens, principalmente o Java. Se voc&ecirc; tem afinidade com um dessas duas linguagens, voc&ecirc; provavelmente vai gostar bastante do C#. O C# &eacute; uma linguagem de prop&oacute;sito geral, que pertence a plataforma .NET, tamb&eacute;m da Microsoft, e atrav&eacute;s do C# &eacute; poss&iacute;vel criar diferentes aplica&ccedil;&otilde;es para diversos tipos de uso.<br /><br />Com o C# voc&ecirc; consegue criar aplica&ccedil;&otilde;es para dispositivos m&oacute;veis utilizando o framework Xamarin, aplica&ccedil;&otilde;es para Web no Backend, aplica&ccedil;&otilde;es para Windows, Xbox e tamb&eacute;m &eacute; poss&iacute;vel criar jogos com o C#. Muitas das ferramentas para cria&ccedil;&atilde;o de jogos, como a Unity e a Godot, utilizam o C#. Ent&atilde;o, minha recomenda&ccedil;&atilde;o do C# seria para quem precisa de uma linguagem de prop&oacute;sito geral, onde seja poss&iacute;vel fazer basicamente tudo da forma mais sofisticada poss&iacute;vel. Se voc&ecirc; est&aacute; em busca de uma linguagem deste tipo, sem sombra de d&uacute;vidas, C# &eacute; uma &oacute;tima alternativa.<br />Por&eacute;m, o mercado em torno do C# e da plataforma .NET n&atilde;o &eacute; t&atilde;o grande em compara&ccedil;&atilde;o ao mercado das pr&oacute;ximas linguagens que ser&atilde;o apresentadas, ent&atilde;o vamos para a pr&oacute;xima.</p>', '2019-11-08 19:34:52', '2019-11-08 19:34:52', 10),
	(16, 'O que são linguagens de baixo e alto nível.', 'O-que-sao-linguagens-de-baixo-e-alto-nivel.', '<p>N&iacute;vel 1 ou n&iacute;vel 50? F&aacute;cil ou dif&iacute;cil? Talvez possa ser isso que vem a sua mente quando algu&eacute;m diz que uma linguagem &eacute; de baixo ou alto n&iacute;vel. Ainda que essas interpreta&ccedil;&otilde;es n&atilde;o estejam completamente erradas, vamos ver isso mais afundo. Quando se trata de programa&ccedil;&atilde;o, v&aacute;rios assuntos podem ser abordados, j&aacute; que este &eacute; um tema muito amplo. No momento, vamos focar nos grupos de linguagens denominados de alto e baixo n&iacute;vel. Este assunto pode parecer um pouco complexo de in&iacute;cio, no entanto iremos detalh&aacute;-lo ao longo do artigo, e assim o entendimento ser&aacute; facilitado.</p>\r\n<h2 data-fontsize="46" data-lineheight="57"><strong>Primeiramente, O que &eacute; uma linguagem de programa&ccedil;&atilde;o?</strong></h2>\r\n<p>Basicamente, s&atilde;o m&eacute;todos padronizados que d&atilde;o determinadas instru&ccedil;&otilde;es a uma m&aacute;quina. Na parte mais &ldquo;superficial&rdquo;, o programador cria o c&oacute;digo utilizando os padr&otilde;es de determinada linguagem (C++ por exemplo), assim, o computador sabe o que dever&aacute; fazer &ldquo;por baixo dos pano&rdquo; para realizar aquela tarefa.</p>\r\n<p>O que acontece embaixo desses panos, &eacute; que os compiladores recebem as instru&ccedil;&otilde;es, as transcrevendo para comandos de m&aacute;quina (bin&aacute;rio), e em seguida, envia esses comandos para o processador, que os executa. Isso &eacute; basicamente uma conversa entre um programador e um computador, onde o programador d&aacute; as tarefas a serem realizadas, e o computador, por sua vez, as recebe como algoritmos, que definem como aquelas tarefas ser&atilde;o executadas.</p>\r\n<p>Voc&ecirc; pode estar se perguntando porqu&ecirc; existem tantas linguagens diferentes, se todas tem o mesmo prop&oacute;sito. Eu te explico: existem diversas maneiras de atingir um mesmo objetivo. Por exemplo, em alguns estados algu&eacute;m pode chegar na padaria e pedir um biscoito, enquanto em outro, &eacute; pedido uma bolacha. Deixando a pol&ecirc;mica dessa disputa de lado, no final ambas as pessoas pediram a mesma coisa, s&oacute; que em linguagens diferentes. O exemplo funciona da mesma forma para os c&oacute;digos.</p>\r\n<p>A medida que a tecnologia se desenvolveu, foram surgindos novos m&eacute;todos para atingir um objetivo. Assim surgiram as diversas linguagens de programa&ccedil;&atilde;o; para suprir as diferentes necessidades de cada m&eacute;todo, sejam elas facilidade de escrita, manuten&ccedil;&atilde;o ou performance, por exemplo. E j&aacute; que as pessoas adoram dividir as coisas em categorias, as linguagens s&atilde;o comumente separadas em dois grupos b&aacute;sicos: alto e baixo n&iacute;vel.</p>', '2019-11-08 19:35:15', '2019-11-08 19:35:15', 10),
	(18, 'Java e Spring boot', 'Java-e-Spring-boot', '<h2 data-fontsize="46" data-lineheight="57">JAVA &Eacute; LEGAL!<br /><br />Java</h2>\r\n<p><img class="alignnone size-full wp-image-991" src="https://guiadoprogramador.com/wp-content/uploads/2019/08/1-E4CO83SmCCrvRrge7U3Ahw.jpeg" sizes="(max-width: 1838px) 100vw, 1838px" srcset="https://guiadoprogramador.com/wp-content/uploads/2019/08/1-E4CO83SmCCrvRrge7U3Ahw-200x103.jpeg 200w, https://guiadoprogramador.com/wp-content/uploads/2019/08/1-E4CO83SmCCrvRrge7U3Ahw-300x154.jpeg 300w, https://guiadoprogramador.com/wp-content/uploads/2019/08/1-E4CO83SmCCrvRrge7U3Ahw-400x206.jpeg 400w, https://guiadoprogramador.com/wp-content/uploads/2019/08/1-E4CO83SmCCrvRrge7U3Ahw-600x309.jpeg 600w, https://guiadoprogramador.com/wp-content/uploads/2019/08/1-E4CO83SmCCrvRrge7U3Ahw-768x395.jpeg 768w, https://guiadoprogramador.com/wp-content/uploads/2019/08/1-E4CO83SmCCrvRrge7U3Ahw-800x412.jpeg 800w, https://guiadoprogramador.com/wp-content/uploads/2019/08/1-E4CO83SmCCrvRrge7U3Ahw-1024x527.jpeg 1024w, https://guiadoprogramador.com/wp-content/uploads/2019/08/1-E4CO83SmCCrvRrge7U3Ahw-1200x618.jpeg 1200w, https://guiadoprogramador.com/wp-content/uploads/2019/08/1-E4CO83SmCCrvRrge7U3Ahw.jpeg 1838w" alt="" width="766" height="394" /><br />A segunda recomenda&ccedil;&atilde;o &eacute; ela, sem sombra de d&uacute;vidas, Java. Ainda existe um certo preconceito por alguns desenvolvedores devido a sua sintaxe verbosa, pelos seus arquivos de configura&ccedil;&otilde;es, entre outras coisas, mas eu devo te falar que Java apesar dos seus problemas e uma &oacute;tima linguagem.</p>\r\n<p>Os principais motivos do Java estar nessa lista, embora seja uma linguagem bastante antiga, &eacute; por conta da evolu&ccedil;&atilde;o de todo o seu ecossistema, com o passar dos anos se tornando uma &oacute;tima op&ccedil;&atilde;o em compara&ccedil;&atilde;o as outras op&ccedil;&otilde;es do mercado. Vale lembrar que com o Java &eacute; poss&iacute;vel criar de tudo. Por exemplo, &eacute; poss&iacute;vel desenvolver aplicativos para Android, criar jogos, aplicativos e sistemas para web, sistemas desktop, sistemas embarcados e sistemas para os mais diversos tipos de dispositivos, uma das vantagens do Java &eacute; ter essa portabilidade permitindo que voc&ecirc; escreva um programa e rode em basicamente qualquer dispositivo ou sistema operacional.</p>\r\n<p>Outro fator importante, caso voc&ecirc; seja uma pessoa que busque emprego no setor p&uacute;blico e governamental na &aacute;rea de TI, ou em grandes empresas de tecnologia do Brasil, Java &eacute; uma &oacute;tima op&ccedil;&atilde;o para voc&ecirc;, pois o mercado de trabalho em torno da linguagem est&aacute; sempre em alta, especialmente aqui no Brasil, um dos lugares onde Java &eacute; mais popular pelo mundo. Se voc&ecirc; est&aacute; de fato em busca de conseguir um trabalho formal/CLT em empresas coorporativas, no setor p&uacute;blico ou em bancos, Java &eacute; a linguagem que voc&ecirc; busca.<br />Apenas por estes motivos &eacute; que o Java est&aacute; presente neste Top 5, devido a sua grande evolu&ccedil;&atilde;o no decorrer dos anos e o grande mercado de trabalho em torno.</p>', '2019-11-08 19:38:12', '2019-11-22 18:44:14', 15),
	(19, 'PHP o elefante', 'PHP-o-elefante', '<h2 data-fontsize="46" data-lineheight="57">PHP</h2>\r\n<p><img class="alignnone size-full wp-image-992" src="https://guiadoprogramador.com/wp-content/uploads/2019/08/PHP_Logo.png" sizes="(max-width: 722px) 100vw, 722px" srcset="https://guiadoprogramador.com/wp-content/uploads/2019/08/PHP_Logo-200x97.png 200w, https://guiadoprogramador.com/wp-content/uploads/2019/08/PHP_Logo-300x145.png 300w, https://guiadoprogramador.com/wp-content/uploads/2019/08/PHP_Logo-400x194.png 400w, https://guiadoprogramador.com/wp-content/uploads/2019/08/PHP_Logo-600x291.png 600w, https://guiadoprogramador.com/wp-content/uploads/2019/08/PHP_Logo.png 722w" alt="" width="722" height="350" /></p>\r\n<p>O PHP &eacute; uma linguagem que tamb&eacute;m possu&iacute; um grande mercado de trabalho aqui no brasil, por&eacute;m, &eacute; mais popular entre desenvolvedores independentes, pequenas empresas e startups.<br />PHP &eacute; muito famoso por ser simples, f&aacute;cil e din&acirc;mico, porque o foco do PHP &eacute; desenvolvimento de aplica&ccedil;&otilde;es Web. At&eacute; o presente momento, n&atilde;o &eacute; poss&iacute;vel criar nada al&eacute;m utilizando o PHP, ao menos n&atilde;o de uma boa forma. Ent&atilde;o podemos dizer que o PHP de uma forma geral, o seu foco &eacute; o desenvolvimento de aplica&ccedil;&otilde;es Web, n&atilde;o &eacute; uma linguagem de prop&oacute;sito geral como o C#, Java e etc.</p>\r\n<p>Deixando isso de lado, n&atilde;o vamos pensar que isso seja algo ruim, pelo fato de o PHP ser focado apenas para o desenvolvimento Web, pois a linguagem &eacute; extremamente din&acirc;mica, f&aacute;cil e direta no desenvolvimento de aplica&ccedil;&otilde;es Web. De todas as linguagens apresentadas nesse Top 5, a mais r&aacute;pida, direta e simples para desenvolver aplica&ccedil;&otilde;es, de fato &eacute; o PHP. Ent&atilde;o, se o seu foco &eacute; a constru&ccedil;&atilde;o de aplica&ccedil;&otilde;es Web de uma maneira r&aacute;pida, simples e din&acirc;mica.</p>', '2019-11-08 19:38:28', '2019-11-08 19:38:28', 14),
	(20, 'Python', 'Python', '<h2 data-fontsize="46" data-lineheight="57">Python</h2>\r\n<p><img class="alignnone size-full wp-image-993" src="https://guiadoprogramador.com/wp-content/uploads/2019/08/python_tricks.jpg" sizes="(max-width: 1050px) 100vw, 1050px" srcset="https://guiadoprogramador.com/wp-content/uploads/2019/08/python_tricks-200x99.jpg 200w, https://guiadoprogramador.com/wp-content/uploads/2019/08/python_tricks-300x149.jpg 300w, https://guiadoprogramador.com/wp-content/uploads/2019/08/python_tricks-400x198.jpg 400w, https://guiadoprogramador.com/wp-content/uploads/2019/08/python_tricks-600x297.jpg 600w, https://guiadoprogramador.com/wp-content/uploads/2019/08/python_tricks-768x380.jpg 768w, https://guiadoprogramador.com/wp-content/uploads/2019/08/python_tricks-800x396.jpg 800w, https://guiadoprogramador.com/wp-content/uploads/2019/08/python_tricks-1024x507.jpg 1024w, https://guiadoprogramador.com/wp-content/uploads/2019/08/python_tricks.jpg 1050w" alt="" width="715" height="354" /></p>\r\n<p>Python ou a famosa senhora dos dados &eacute; uma linguagem que existe h&aacute; muito tempo, mas vem crescendo muito recentemente pelo fato de duas &aacute;reas estarem crescendo massivamente hoje em dia no mundo da computa&ccedil;&atilde;o, as &aacute;reas de ci&ecirc;ncia de dados e intelig&ecirc;ncia artificial. A principal linguagem utilizada nessas &aacute;reas &eacute; Python, ent&atilde;o provavelmente ci&ecirc;ncia de dados e intelig&ecirc;ncia artificial s&atilde;o &aacute;reas que v&atilde;o se destacar muito no futuro e logo estar&atilde;o presentes nas principais &aacute;reas da computa&ccedil;&atilde;o.</p>\r\n<p>Python est&aacute; nessa posi&ccedil;&atilde;o porque o futuro para linguagem &eacute; muito promissor sem entrar em quest&otilde;es mercadol&oacute;gicas, &eacute; uma linguagem magn&iacute;fica, o design &eacute; muito bem estruturado e muito bem-feita, uma linguagem bem desenvolvida.</p>\r\n<p>A sintaxe de Python &eacute; direta, simples e sofisticada, muitos criticavam o desempenho do Python ainda na sua vers&atilde;o 2.0, mas isso foi resolvido com a chegada da vers&atilde;o 3.0 da linguagem. E do meu ponto de vista, &eacute; a melhor linguagem para voc&ecirc; aprender, caso seja um iniciante em programa&ccedil;&atilde;o, pelo fato dela ser muito simples facilitando seu processo de aprendizado.</p>', '2019-11-08 19:38:54', '2019-11-08 19:38:54', 14),
	(21, 'Docker o que é?', 'Docker-o-que-e', '<p>Conte&uacute;do qualquer</p>', '2019-11-22 14:02:06', '2019-11-22 14:02:06', 15),
	(22, 'C# a melhor linguagem?', 'C-a-melhor-linguagem', '<p>&Eacute; C# a melhor linguagem?</p>', '2019-11-22 19:02:05', '2019-11-22 19:02:05', 10),
	(23, 'Vue.js poderoso e simples', 'Vue.js-poderoso-e-simples', '<p>Vue.js poderoso e simples</p>', '2019-11-22 19:02:45', '2019-11-22 19:02:45', 14),
	(24, 'Angular.js ou Angular 2?', 'Angular.js-ou-Angular-2', '<p>Angular.js ou Angular 2?</p>', '2019-11-22 19:02:55', '2019-11-22 19:02:55', 10),
	(25, 'Como criar sistema de paginação?', 'Como-criar-sistema-de-paginacao', '<p>Como criar sistema de pagina&ccedil;&atilde;o?</p>', '2019-11-22 19:03:05', '2019-11-22 19:03:05', 14),
	(26, 'Ruby on rails', 'Ruby-on-rails', '<p>Ruby on rails</p>', '2019-11-22 19:05:31', '2019-11-22 19:05:31', 10),
	(27, 'PrimeFaces', 'PrimeFaces', '<p>PrimeFaces</p>', '2019-11-22 19:06:21', '2019-11-22 19:06:21', 10),
	(28, 'Django', 'Django', '<p>Django</p>', '2019-11-22 19:06:25', '2019-11-22 19:06:25', 10),
	(29, 'Machine learning', 'Machine-learning', '', '2019-11-22 19:06:30', '2019-11-22 19:06:30', 10),
	(30, 'Melhores extensões para VSCode', 'Melhores-extensoes-para-VSCode', '<p>Melhores extens&otilde;es para VSCode</p>', '2019-11-22 19:06:41', '2019-11-22 19:06:41', 10),
	(31, 'Angular Vs React', 'Angular-Vs-React', '<p>Angular Vs React</p>', '2019-11-22 19:08:55', '2019-11-22 19:08:55', 10),
	(32, 'Por que aprender Vue.js', 'Por-que-aprender-Vue.js', '<p>Por que aprender Vue.js</p>', '2019-11-22 19:09:04', '2019-11-22 19:09:04', 10),
	(33, 'v-bind', 'v-bind', '<p>v-bind</p>', '2019-11-22 19:10:06', '2019-11-22 19:10:06', 14),
	(34, 'Docker na AWS', 'Docker-na-AWS', '<p>Docker na AWSDocker na AWSDocker na AWSDocker na AWSDocker na AWS</p>', '2019-11-22 19:10:15', '2019-11-22 19:10:15', 15),
	(35, 'Formação Node.js', 'Formacao-Node.js', '<p>Forma&ccedil;&atilde;o Node.js</p>', '2019-11-22 19:10:25', '2019-11-22 19:10:25', 10),
	(36, 'Jquery simples e poderoso', 'Jquery-simples-e-poderoso', '<p>Jquery simples e poderoso Jquery simples e poderoso Jquery simples e poderoso</p>', '2019-11-22 19:10:47', '2019-11-22 19:10:47', 10);
/*!40000 ALTER TABLE `articles` ENABLE KEYS */;

-- Copiando estrutura para tabela guiapress.categories
CREATE TABLE IF NOT EXISTS `categories` (
  `id` int(11) NOT NULL AUTO_INCREMENT,
  `title` varchar(255) COLLATE utf8mb4_unicode_ci NOT NULL,
  `slug` varchar(255) COLLATE utf8mb4_unicode_ci NOT NULL,
  `createdAt` datetime NOT NULL,
  `updatedAt` datetime NOT NULL,
  PRIMARY KEY (`id`)
) ENGINE=InnoDB AUTO_INCREMENT=17 DEFAULT CHARSET=utf8mb4 COLLATE=utf8mb4_unicode_ci;

-- Copiando dados para a tabela guiapress.categories: ~3 rows (aproximadamente)
/*!40000 ALTER TABLE `categories` DISABLE KEYS */;
INSERT INTO `categories` (`id`, `title`, `slug`, `createdAt`, `updatedAt`) VALUES
	(10, 'Desenvolvimento Web', 'Desenvolvimento-Web', '2019-11-03 11:54:10', '2019-11-03 11:54:10'),
	(14, 'Javascript e React', 'Javascript-e-React', '2019-11-03 13:14:22', '2019-11-03 13:43:02'),
	(15, 'Docker', 'Docker', '2019-11-03 13:15:26', '2019-11-12 22:45:53');
/*!40000 ALTER TABLE `categories` ENABLE KEYS */;

-- Copiando estrutura para tabela guiapress.users
CREATE TABLE IF NOT EXISTS `users` (
  `id` int(11) NOT NULL AUTO_INCREMENT,
  `email` varchar(255) COLLATE utf8mb4_unicode_ci NOT NULL,
  `password` varchar(255) COLLATE utf8mb4_unicode_ci NOT NULL,
  `createdAt` datetime NOT NULL,
  `updatedAt` datetime NOT NULL,
  PRIMARY KEY (`id`)
) ENGINE=InnoDB AUTO_INCREMENT=3 DEFAULT CHARSET=utf8mb4 COLLATE=utf8mb4_unicode_ci;

-- Copiando dados para a tabela guiapress.users: ~2 rows (aproximadamente)
/*!40000 ALTER TABLE `users` DISABLE KEYS */;
INSERT INTO `users` (`id`, `email`, `password`, `createdAt`, `updatedAt`) VALUES
	(1, 'victor@udemy.com', '$2a$10$EDjG6dvoyTcq.C42EiPgYOwS/Du7967iRFDbe2vpxcV4Ktdde1hZG', '2019-11-30 06:27:54', '2019-11-30 06:27:54'),
	(2, 'victorlima@udemy.com', '$2a$10$oqzYILf4Y/ofzQLDPcU55ubvH9rGPR13xLsHSvYu9BXLc1HTVdezW', '2019-11-30 07:04:18', '2019-11-30 07:04:18');
/*!40000 ALTER TABLE `users` ENABLE KEYS */;

/*!40101 SET SQL_MODE=IFNULL(@OLD_SQL_MODE, '') */;
/*!40014 SET FOREIGN_KEY_CHECKS=IF(@OLD_FOREIGN_KEY_CHECKS IS NULL, 1, @OLD_FOREIGN_KEY_CHECKS) */;
/*!40101 SET CHARACTER_SET_CLIENT=@OLD_CHARACTER_SET_CLIENT */;
